,MolWt,LogP,TPSA,HBD,HBA,RotB,AromRings,Lipinski_violations,class,tanimoto_to_imatinib,smiles
Imatinib,493.615,4.59032,86.28,2,7,7,4,0,kinase inhibitor,1.0,Cc1ccc(NC(=O)c2ccc(CN3CCN(C)CC3)cc2)cc1Nc1nccc(-c2cccnc2)n1
Dasatinib,488.017,3.31354,106.51,3,9,7,3,0,kinase inhibitor,0.27451,Cc1nc(Nc2ncc(C(=O)Nc3c(C)cccc3Cl)s2)cc(N2CCN(CCO)CC2)n1
Gefitinib,446.91,4.2756,68.74,1,7,8,3,0,kinase inhibitor,0.168224,COc1cc2ncnc(Nc3ccc(F)c(Cl)c3)c2cc1OCCCN1CCOCC1
Erlotinib,393.443,3.4051,74.73,1,7,10,3,0,kinase inhibitor,0.131313,C#Cc1cccc(Nc2ncnc3cc(OCCOC)c(OCCOC)cc23)c1
Afatinib,485.947,4.3899,88.61,2,7,8,3,0,kinase inhibitor,0.158333,CN(C)C/C=C/C(=O)Nc1cc2c(Nc3ccc(F)c(Cl)c3)ncnc2cc1O[C@H]1CCOC1
Osimertinib,499.619,4.5098,87.55,2,7,10,4,0,kinase inhibitor,0.261682,C=CC(=O)Nc1cc(Nc2nccc(-c3cn(C)c4ccccc34)n2)c(OC)cc1N(C)CCN(C)C
Lapatinib,581.069,6.1391,106.35,2,8,11,5,2,kinase inhibitor,0.140496,CS(=O)(=O)CCNCc1ccc(-c2ccc3ncnc(Nc4ccc(OCc5cccc(F)c5)c(Cl)c4)c3c2)o1
Sorafenib,464.831,5.5497,92.35,3,4,5,3,1,kinase inhibitor,0.195876,CNC(=O)c1cc(Oc2ccc(NC(=O)Nc3ccc(Cl)c(C(F)(F)F)c3)cc2)ccn1
Sunitinib,398.482,3.33494,77.23,3,3,7,2,0,kinase inhibitor,0.119266,CCN(CC)CCNC(=O)c1c(C)[nH]c(/C=C2\C(=O)Nc3ccc(F)cc32)c1C
Aspirin,180.159,1.3101,63.6,1,3,2,1,0,other drug,0.098765,CC(=O)Oc1ccccc1C(=O)O
Caffeine,194.194,-1.0293,61.82,0,3,0,2,0,other drug,0.097561,Cn1c(=O)c2c(ncn2C)n(C)c1=O
Paracetamol,151.165,1.3506,49.33,2,2,1,1,0,other drug,0.148649,CC(=O)Nc1ccc(O)cc1
Ibuprofen,206.285,3.0732,37.3,1,1,4,1,0,other drug,0.125,CC(C)Cc1ccc(C(C)C(=O)O)cc1
Metformin,129.167,-1.03416,88.99,4,2,0,0,0,other drug,0.037975,CN(C)C(=N)NC(N)=N
Diclofenac,296.153,4.3641,49.33,2,2,4,2,0,other drug,0.142857,O=C(O)Cc1ccccc1Nc1c(Cl)cccc1Cl
Warfarin,308.333,3.6096,67.51,1,4,4,3,0,other drug,0.096774,CC(=O)CC(c1ccccc1)c1c(O)c2ccccc2oc1=O
Nicotine,162.236,1.8483,16.13,0,2,1,1,0,other drug,0.217949,CN1CCC[C@H]1c1cccnc1
